Date,Price,Open,High,Low,Vol.,Change %
1/3/2022,334.75,335.35,338,329.78,28.92M,-0.47%
1/4/2022,329.01,334.83,335.2,326.12,32.67M,-1.71%
1/5/2022,316.38,325.86,326.07,315.98,40.05M,-3.84%
1/6/2022,313.88,313.15,318.7,311.49,39.65M,-0.79%
1/7/2022,314.04,314.15,316.5,310.09,32.72M,0.05%
1/10/2022,314.27,309.49,314.72,304.69,44.29M,0.07%
1/11/2022,314.98,313.38,316.61,309.89,29.39M,0.23%
1/12/2022,318.27,319.67,323.41,317.08,34.37M,1.04%
1/13/2022,304.8,320.47,320.88,304,45.37M,-4.23%
1/14/2022,310.2,304.25,310.82,303.75,39.85M,1.77%
1/18/2022,302.65,304.07,309.8,301.74,42.43M,-2.43%
1/19/2022,303.33,306.29,313.91,302.7,45.93M,0.22%
1/20/2022,301.6,309.07,311.65,301.14,35.38M,-0.57%
1/21/2022,296.03,302.69,304.11,295.61,57.98M,-1.85%
1/24/2022,296.37,292.2,297.11,276.05,86.04M,0.11%
1/25/2022,288.49,291.52,294.99,285.17,72.85M,-2.66%
1/26/2022,296.71,307.99,308.5,293.03,90.43M,2.85%
1/27/2022,299.84,302.66,307.3,297.93,53.48M,1.05%
1/28/2022,308.26,300.23,308.48,294.45,49.74M,2.81%
1/31/2022,310.98,308.95,312.38,306.37,46.44M,0.88%
2/1/2022,308.76,310.41,310.63,305.13,40.95M,-0.71%
2/2/2022,313.46,309.63,315.12,308.88,36.64M,1.52%
2/3/2022,301.25,309.49,311.23,299.96,43.73M,-3.90%
2/4/2022,305.94,300.21,308.8,299.97,35.10M,1.56%
2/7/2022,300.95,306.17,307.84,299.9,28.53M,-1.63%
2/8/2022,304.56,301.25,305.56,299.95,32.42M,1.20%
2/9/2022,311.21,309.87,311.93,307.39,31.28M,2.18%
2/10/2022,302.38,304.04,309.12,300.7,45.39M,-2.84%
2/11/2022,295.04,303.19,304.29,294.22,39.18M,-2.43%
2/14/2022,295,293.77,296.76,291.35,36.36M,-0.01%
2/15/2022,300.47,300.01,300.8,297.02,27.38M,1.85%
2/16/2022,299.5,298.37,300.87,293.68,29.98M,-0.32%
2/17/2022,290.73,296.36,296.8,290,32.46M,-2.93%
2/18/2022,287.93,293.05,293.86,286.31,34.26M,-0.96%
2/22/2022,287.72,285,291.54,284.5,41.74M,-0.07%
2/23/2022,280.27,290.18,291.7,280.1,37.81M,-2.59%
2/24/2022,294.59,272.51,295.16,271.52,56.99M,5.11%
2/25/2022,297.31,295.14,297.63,291.65,32.55M,0.92%
2/28/2022,298.79,294.31,299.14,293,34.63M,0.50%
3/1/2022,294.95,296.4,299.97,292.15,31.22M,-1.29%
3/2/2022,300.19,295.36,301.47,293.7,31.87M,1.78%
3/3/2022,295.92,302.89,303.13,294.05,27.31M,-1.42%
3/4/2022,289.86,294.29,295.66,287.17,32.37M,-2.05%
3/7/2022,278.91,288.53,289.69,278.53,43.16M,-3.78%
3/8/2022,275.85,277.8,283.96,270,48.16M,-1.10%
3/9/2022,288.5,283.44,289.6,280.78,35.20M,4.59%
3/10/2022,285.59,283.02,286.6,280.58,30.63M,-1.01%
3/11/2022,280.07,287.96,289.51,279.43,27.21M,-1.93%
3/14/2022,276.44,280.34,285.4,275.82,30.66M,-1.30%
3/15/2022,287.15,280.35,287.82,278.73,34.25M,3.87%
3/16/2022,294.39,289.11,294.57,283.2,37.83M,2.52%
3/17/2022,295.22,293.29,295.61,289.37,30.82M,0.28%
3/18/2022,300.43,295.37,301,292.73,43.39M,1.76%
3/21/2022,299.16,298.89,300.14,294.9,28.35M,-0.42%
3/22/2022,304.06,299.8,305,298.77,27.60M,1.64%
3/23/2022,299.49,300.51,303.23,297.72,25.72M,-1.50%
3/24/2022,304.1,299.14,304.2,298.31,24.48M,1.54%
3/25/2022,303.68,305.23,305.5,299.29,22.57M,-0.14%
3/28/2022,310.7,304.33,310.8,304.33,29.58M,2.31%
3/29/2022,315.41,313.91,315.82,309.05,30.39M,1.52%
3/30/2022,313.86,313.76,315.95,311.58,28.16M,-0.49%
3/31/2022,308.31,313.9,315.14,307.89,33.42M,-1.77%
4/1/2022,309.42,309.37,310.13,305.54,27.11M,0.36%
4/4/2022,314.97,310.09,315.11,309.71,24.34M,1.79%
4/5/2022,310.88,313.27,314.87,309.87,23.16M,-1.30%
4/6/2022,299.5,305.19,307,296.71,40.11M,-3.66%
4/7/2022,301.37,296.66,303.65,296.35,31.41M,0.62%
4/8/2022,296.97,300.44,301.12,296.28,24.36M,-1.46%
4/11/2022,285.26,291.79,292.61,285,34.57M,-3.94%
4/12/2022,282.06,289.24,290.74,280.49,30.97M,-1.12%
4/13/2022,287.62,282.73,288.58,281.3,21.91M,1.97%
4/14/2022,279.83,288.09,288.31,279.32,28.22M,-2.71%
4/18/2022,280.52,278.91,282.46,278.34,20.78M,0.25%
4/19/2022,285.3,279.38,286.17,278.41,22.30M,1.70%
4/20/2022,286.36,289.4,289.7,285.37,22.91M,0.37%
4/21/2022,280.81,288.58,293.3,280.06,29.45M,-1.94%
4/22/2022,274.03,281.68,283.2,273.38,29.41M,-2.41%
4/25/2022,280.72,273.29,281.11,270.77,35.68M,2.44%
4/26/2022,270.22,277.5,278.36,270,46.52M,-3.74%
4/27/2022,283.22,282.1,290.97,279.16,63.48M,4.81%
4/28/2022,289.63,285.19,290.98,281.46,33.65M,2.26%
4/29/2022,277.52,288.61,289.88,276.5,37.07M,-4.18%
5/2/2022,284.47,277.71,284.94,276.22,35.15M,2.50%
5/3/2022,281.78,283.96,284.13,280.15,25.98M,-0.95%
5/4/2022,289.98,282.59,290.88,276.73,33.60M,2.91%
5/5/2022,277.35,285.54,286.35,274.34,43.26M,-4.36%
5/6/2022,274.73,274.81,279.25,271.27,37.78M,-0.94%
5/9/2022,264.58,270.06,272.36,263.32,47.73M,-3.69%
5/10/2022,269.5,271.69,273.75,265.07,39.34M,1.86%
5/11/2022,260.55,265.68,271.36,259.3,48.98M,-3.32%
5/12/2022,255.35,257.69,259.88,250.02,51.03M,-2.00%
5/13/2022,261.12,257.35,263.04,255.35,34.93M,2.26%
5/16/2022,261.5,259.95,265.82,255.78,32.55M,0.15%
5/17/2022,266.82,266.11,268.33,262.46,28.83M,2.03%
5/18/2022,254.08,263,263.6,252.77,31.36M,-4.77%
5/19/2022,253.14,253.9,257.67,251.88,32.69M,-0.37%
5/20/2022,252.56,257.24,258.54,246.44,39.20M,-0.23%
5/23/2022,260.65,255.49,261.5,253.43,33.18M,3.20%
5/24/2022,259.62,257.89,261.33,253.5,29.04M,-0.40%
5/25/2022,262.52,258.14,264.58,257.12,28.55M,1.12%
5/26/2022,265.9,262.27,267.11,261.43,25.00M,1.29%
5/27/2022,273.24,268.48,273.34,267.56,26.91M,2.76%
5/31/2022,271.87,272.53,274.77,268.93,37.83M,-0.50%
6/1/2022,272.42,275.19,277.69,270.04,25.29M,0.20%
6/2/2022,274.58,264.45,274.65,261.6,44.01M,0.79%
6/3/2022,270.02,270.31,273.45,268.41,28.06M,-1.66%
6/6/2022,268.75,272.06,274.18,267.22,22.40M,-0.47%
6/7/2022,272.5,266.63,273.13,265.94,22.86M,1.40%
6/8/2022,270.41,271.71,273,269.61,17.37M,-0.77%
6/9/2022,264.79,267.78,272.71,264.63,26.44M,-2.08%
6/10/2022,252.99,260.58,260.58,252.53,31.45M,-4.46%
6/13/2022,242.26,245.11,249.02,241.53,46.14M,-4.24%
6/14/2022,244.49,243.86,245.74,241.51,28.65M,0.92%
6/15/2022,251.76,248.31,255.3,246.42,33.11M,2.97%
6/16/2022,244.97,245.98,247.42,243.02,33.17M,-2.70%
6/17/2022,247.65,244.7,250.5,244.03,43.08M,1.09%
6/21/2022,253.74,250.25,254.75,249.51,29.93M,2.46%
6/22/2022,253.13,251.89,257.17,250.37,25.96M,-0.24%
6/23/2022,258.86,255.57,259.37,253.63,25.86M,2.26%
6/24/2022,267.7,261.81,267.98,261.72,33.92M,3.41%
6/27/2022,264.89,268.2,268.3,263.28,24.62M,-1.05%
6/28/2022,256.48,263.98,266.91,256.32,27.38M,-3.17%
6/29/2022,260.26,257.59,261.97,255.76,20.07M,1.47%
6/30/2022,256.83,257.05,259.53,252.9,31.73M,-1.32%
7/1/2022,259.58,256.39,259.77,254.61,22.84M,1.07%
7/5/2022,262.85,256.16,262.98,254.74,22.97M,1.26%
7/6/2022,266.21,263.75,267.99,262.4,23.82M,1.28%
7/7/2022,268.4,265.12,269.06,265.02,20.86M,0.82%
7/8/2022,267.66,264.79,268.1,263.29,19.66M,-0.28%
7/11/2022,264.51,265.65,266.53,262.18,19.52M,-1.18%
7/12/2022,253.67,265.88,265.94,252.04,35.87M,-4.10%
7/13/2022,252.72,250.19,253.55,248.11,29.50M,-0.37%
7/14/2022,254.08,250.57,255.14,245.94,25.10M,0.54%
7/15/2022,256.72,255.72,260.37,254.77,29.77M,1.04%
7/18/2022,254.25,259.75,260.84,253.3,20.98M,-0.96%
7/19/2022,259.53,257.57,259.72,253.68,25.01M,2.08%
7/20/2022,262.27,259.9,264.87,258.91,22.79M,1.06%
7/21/2022,264.84,259.79,264.89,257.03,22.40M,0.98%
7/22/2022,260.36,265.24,265.33,259.07,21.88M,-1.69%
7/25/2022,258.83,261,261.5,256.81,21.06M,-0.59%
7/26/2022,251.9,259.86,259.88,249.57,39.35M,-2.68%
7/27/2022,268.74,261.16,270.05,258.85,45.99M,6.69%
7/28/2022,276.41,269.75,277.84,267.87,33.46M,2.85%
7/29/2022,280.74,277.7,282,276.63,32.15M,1.57%
8/1/2022,278.01,277.82,281.28,275.84,21.54M,-0.97%
8/2/2022,274.82,276,277.89,272.38,22.75M,-1.15%
8/3/2022,282.47,276.76,283.5,276.61,23.52M,2.78%
8/4/2022,283.65,281.8,283.8,280.17,18.10M,0.42%
8/5/2022,282.91,279.15,283.65,278.68,16.77M,-0.26%
8/8/2022,280.32,284.05,285.92,279.32,18.76M,-0.92%
8/9/2022,282.3,279.64,283.08,277.61,23.41M,0.71%
8/10/2022,289.16,288.17,289.81,286.94,24.69M,2.43%
8/11/2022,287.02,290.85,291.21,286.51,20.07M,-0.74%
8/12/2022,291.91,288.48,291.91,286.94,22.62M,1.70%
8/15/2022,293.47,291,294.18,290.11,18.09M,0.53%
8/16/2022,292.71,291.99,294.04,290.42,18.10M,-0.26%
8/17/2022,291.32,289.74,293.35,289.47,18.25M,-0.47%
8/18/2022,290.17,290.19,291.91,289.08,17.19M,-0.39%
8/19/2022,286.15,288.9,289.25,285.56,20.57M,-1.39%
8/22/2022,277.75,282.08,282.46,277.22,25.06M,-2.94%
8/23/2022,276.44,276.44,278.86,275.4,17.53M,-0.47%
8/24/2022,275.79,275.41,277.23,275.11,18.14M,-0.24%
8/25/2022,278.85,277.33,279.02,274.52,16.58M,1.11%
8/26/2022,268.09,279.08,280.34,267.98,27.55M,-3.86%
8/29/2022,265.23,265.85,267.4,263.85,20.34M,-1.07%
8/30/2022,262.97,266.67,267.05,260.66,22.77M,-0.85%
8/31/2022,261.47,265.39,267.11,261.33,24.79M,-0.57%
9/1/2022,260.4,258.87,260.89,255.41,23.26M,-0.41%
9/2/2022,256.06,261.69,264.74,254.47,22.86M,-1.67%
9/6/2022,253.25,256.2,257.83,251.94,21.33M,-1.10%
9/7/2022,258.09,254.7,258.83,253.22,24.13M,1.91%
9/8/2022,258.52,257.51,260.43,254.79,20.32M,0.17%
9/9/2022,264.46,260.5,265.23,260.29,22.09M,2.30%
9/12/2022,266.65,265.78,267.45,265.16,18.75M,0.83%
9/13/2022,251.99,258.84,260.4,251.59,33.35M,-5.50%
9/14/2022,252.22,253.53,254.23,249.86,23.91M,0.09%
9/15/2022,245.38,249.77,251.4,244.02,31.53M,-2.71%
9/16/2022,244.74,244.26,245.3,242.06,39.79M,-0.26%
9/19/2022,244.52,242.47,245.14,240.85,26.83M,-0.09%
9/20/2022,242.45,242.06,243.51,239.64,26.66M,-0.85%
9/21/2022,238.95,244.27,247.66,238.9,28.63M,-1.44%
9/22/2022,240.98,237.87,243.86,237.57,31.06M,0.85%
9/23/2022,237.92,239.54,241.13,235.2,34.18M,-1.27%
9/26/2022,237.45,237.04,241.45,236.9,27.69M,-0.20%
9/27/2022,236.41,239.98,241.8,234.5,27.02M,-0.44%
9/28/2022,241.07,236.81,242.33,234.73,29.03M,1.97%
9/29/2022,237.5,238.89,239.95,234.41,27.48M,-1.48%
9/30/2022,232.9,238.29,240.54,232.73,35.69M,-1.94%
10/3/2022,240.74,235.41,241.61,234.66,28.88M,3.37%
10/4/2022,248.88,245.09,250.36,244.97,34.89M,3.38%
10/5/2022,249.2,245.99,250.58,244.1,20.35M,0.13%
10/6/2022,246.79,247.93,250.34,246.08,20.24M,-0.97%
10/7/2022,234.24,240.9,241.32,233.17,37.77M,-5.09%
10/10/2022,229.25,233.05,234.56,226.73,29.74M,-2.13%
10/11/2022,225.41,227.62,229.06,224.11,30.47M,-1.68%
10/12/2022,225.75,225.4,227.86,223.96,21.90M,0.15%
10/13/2022,234.24,219.85,236.1,219.13,42.55M,3.76%
10/14/2022,228.56,235.54,237.24,228.34,30.20M,-2.42%
10/17/2022,237.53,235.82,238.96,235.13,28.14M,3.92%
10/18/2022,238.5,243.24,243.93,235.37,26.33M,0.41%
10/19/2022,236.48,237.04,239.61,234.29,19.99M,-0.85%
10/20/2022,236.15,235.77,241.31,234.87,21.81M,-0.14%
10/21/2022,242.12,234.74,243,234.5,26.30M,2.53%
10/24/2022,247.25,243.76,247.84,241.29,24.91M,2.12%
10/25/2022,250.66,247.26,251.04,245.83,34.78M,1.38%
10/26/2022,231.32,231.17,238.3,230.06,82.68M,-7.72%
10/27/2022,226.75,231.04,233.69,225.78,40.42M,-1.98%
10/28/2022,235.87,226.24,236.6,226.05,40.65M,4.02%
10/31/2022,232.13,233.76,234.92,231.15,28.36M,-1.59%
11/1/2022,228.17,234.6,235.74,227.32,30.59M,-1.71%
11/2/2022,220.1,229.46,231.3,220.04,38.41M,-3.54%
11/3/2022,214.25,220.09,220.41,213.98,36.63M,-2.66%
11/4/2022,221.39,217.55,221.59,213.43,36.79M,3.33%
11/7/2022,227.87,221.99,228.41,221.28,33.50M,2.93%
11/8/2022,228.87,228.7,231.65,225.84,28.19M,0.44%
11/9/2022,224.51,227.37,228.63,224.33,27.85M,-1.91%
11/10/2022,242.98,235.43,243.33,235,46.27M,8.23%
11/11/2022,247.11,242.99,247.99,241.93,34.62M,1.70%
11/14/2022,241.55,241.99,243.91,239.21,31.12M,-2.25%
11/15/2022,241.97,245.66,247,240.03,31.39M,0.17%
11/16/2022,241.73,242.79,243.8,240.42,24.09M,-0.10%
11/17/2022,241.68,237.78,243.25,237.63,23.12M,-0.02%
11/18/2022,241.22,243.51,243.74,239.03,27.61M,-0.19%
11/21/2022,242.05,241.43,244.67,241.19,26.39M,0.34%
11/22/2022,245.03,243.59,245.31,240.71,19.67M,1.23%
11/23/2022,247.58,245.1,248.28,244.27,19.51M,1.04%
11/25/2022,247.49,247.31,248.7,246.73,9.20M,-0.04%
11/28/2022,241.76,246.08,246.65,240.8,24.81M,-2.32%
11/29/2022,240.33,241.4,242.79,238.21,17.96M,-0.59%
11/30/2022,255.14,240.57,255.33,239.86,47.59M,6.16%
12/1/2022,254.69,253.87,256.12,250.92,26.04M,-0.18%
12/2/2022,255.02,249.82,256.06,249.69,21.53M,0.13%
12/5/2022,250.2,252.01,253.82,248.06,23.44M,-1.89%
12/6/2022,245.12,250.82,251.86,243.78,22.46M,-2.03%
12/7/2022,244.37,244.83,246.16,242.21,20.48M,-0.31%
12/8/2022,247.4,244.84,248.74,243.06,22.61M,1.24%
12/9/2022,245.42,244.7,248.31,244.16,20.61M,-0.80%
12/12/2022,252.51,247.45,252.54,247.17,30.67M,2.89%
12/13/2022,256.92,261.69,263.92,253.07,42.20M,1.75%
12/14/2022,257.22,257.13,262.59,254.31,35.41M,0.12%
12/15/2022,249.01,253.72,254.2,247.34,35.57M,-3.19%
12/16/2022,244.69,248.55,249.84,243.51,86.10M,-1.73%
12/19/2022,240.45,244.86,245.21,238.71,29.70M,-1.73%
12/20/2022,241.8,239.4,242.91,238.42,25.15M,0.56%
12/21/2022,244.43,241.69,245.62,240.11,23.69M,1.09%
12/22/2022,238.19,241.26,241.99,233.87,28.65M,-2.55%
12/23/2022,238.73,236.11,238.87,233.94,21.21M,0.23%
12/27/2022,236.96,238.7,238.93,235.83,16.69M,-0.74%
12/28/2022,234.53,236.89,239.72,234.17,17.46M,-1.03%
12/29/2022,241.01,235.65,241.92,235.65,19.77M,2.76%
12/30/2022,239.82,238.21,239.96,236.66,21.94M,-0.49%
1/3/2023,239.58,243.08,245.75,237.4,25.74M,-0.10%
1/4/2023,229.1,232.27,232.87,225.96,50.62M,-4.37%
1/5/2023,222.31,227.2,227.55,221.76,39.59M,-2.96%
1/6/2023,224.93,223,225.76,219.35,43.61M,1.18%
1/9/2023,227.12,226.45,231.24,226.41,27.37M,0.97%
1/10/2023,228.85,227.76,231.31,227.33,27.03M,0.76%
1/11/2023,235.77,231.29,235.95,231.11,28.67M,3.02%
1/12/2023,238.51,235.26,239.9,233.56,27.27M,1.16%
1/13/2023,239.23,237,239.37,234.92,21.33M,0.30%
1/17/2023,240.35,237.97,240.91,237.09,29.83M,0.47%
1/18/2023,235.81,241.57,242.38,235.52,30.03M,-1.89%
1/19/2023,231.93,233.78,235.52,230.68,28.62M,-1.65%
1/20/2023,240.22,234.85,240.74,234.51,35.39M,3.57%
1/23/2023,242.58,241.1,245.16,239.65,31.93M,0.98%
1/24/2023,242.04,242.5,243.95,240.44,40.23M,-0.22%
1/25/2023,240.61,234.48,243.3,230.9,66.53M,-0.59%
1/26/2023,248,243.65,248.31,242,33.45M,3.07%
1/27/2023,248.16,248.99,249.83,246.83,26.50M,0.06%
1/30/2023,242.71,244.51,245.6,242.2,25.87M,-2.20%
1/31/2023,247.81,243.45,247.95,242.95,26.54M,2.10%
2/1/2023,252.75,248,255.18,245.47,31.26M,1.99%
2/2/2023,264.6,258.82,264.69,257.25,39.94M,4.69%
2/3/2023,258.35,259.54,264.2,257.1,29.08M,-2.36%
2/6/2023,256.77,257.44,258.3,254.78,22.52M,-0.61%
2/7/2023,267.56,260.53,268.77,260.08,50.84M,4.20%
2/8/2023,266.73,273.2,276.76,266.21,54.69M,-0.31%
2/9/2023,263.62,273.8,273.98,262.8,42.38M,-1.17%
2/10/2023,263.1,261.53,264.09,260.66,25.82M,-0.20%
2/13/2023,271.32,267.64,274.6,267.15,44.63M,3.12%
2/14/2023,272.17,272.67,274.97,269.28,37.05M,0.31%
2/15/2023,269.32,268.32,270.73,266.18,28.96M,-1.05%
2/16/2023,262.15,264.02,266.74,261.9,29.60M,-2.66%
2/17/2023,258.06,259.39,260.09,256,30.00M,-1.56%
2/21/2023,252.67,254.48,255.49,251.59,28.40M,-2.09%
2/22/2023,251.51,254.09,254.34,250.34,22.49M,-0.46%
2/23/2023,254.77,255.56,256.84,250.48,29.22M,1.30%
2/24/2023,249.22,249.96,251,248.1,24.99M,-2.18%
2/27/2023,250.16,252.46,252.82,249.39,21.19M,0.38%
2/28/2023,249.42,249.07,251.49,248.73,22.49M,-0.30%
3/1/2023,246.27,250.76,250.93,245.79,27.57M,-1.26%
3/2/2023,251.11,246.55,251.4,245.61,24.83M,1.97%
3/3/2023,255.29,252.19,255.62,251.39,30.76M,1.66%
3/6/2023,256.87,256.42,260.12,255.98,24.11M,0.62%
3/7/2023,254.15,256.3,257.69,253.39,21.47M,-1.06%
3/8/2023,253.7,254.04,254.54,250.81,17.34M,-0.18%
3/9/2023,252.32,255.82,259.56,251.58,26.65M,-0.54%
3/10/2023,248.59,251.08,252.79,247.6,28.33M,-1.48%
3/13/2023,253.92,247.4,257.91,245.73,33.34M,2.14%
3/14/2023,260.79,256.75,261.07,255.86,33.62M,2.71%
3/15/2023,265.44,259.98,266.48,259.21,46.03M,1.78%
3/16/2023,276.2,265.2,276.56,263.28,54.83M,4.05%
3/17/2023,279.43,278.26,283.33,276.32,69.53M,1.17%
3/20/2023,272.23,276.98,277.48,269.85,43.47M,-2.58%
3/21/2023,273.78,274.88,275,269.52,34.56M,0.57%
3/22/2023,272.29,273.4,281.04,272.18,34.87M,-0.54%
3/23/2023,277.66,277.94,281.06,275.2,36.61M,1.97%
3/24/2023,280.57,277.24,280.63,275.28,28.20M,1.05%
3/27/2023,276.38,280.5,281.46,275.52,26.84M,-1.49%
3/28/2023,275.23,275.79,276.14,272.05,21.88M,-0.42%
3/29/2023,280.51,278.96,281.14,278.41,25.09M,1.92%
3/30/2023,284.05,284.23,284.46,281.48,25.05M,1.26%
3/31/2023,288.3,283.73,289.27,283,32.77M,1.50%
4/3/2023,287.23,286.52,288.27,283.95,24.88M,-0.37%
4/4/2023,287.18,287.23,290.45,285.67,25.82M,-0.02%
4/5/2023,284.34,285.85,287.15,282.92,22.06M,-0.99%
4/6/2023,291.6,283.21,292.08,282.03,29.77M,2.55%
4/10/2023,289.39,289.21,289.6,284.71,23.10M,-0.76%
4/11/2023,282.83,285.75,285.98,281.64,27.28M,-2.27%
4/12/2023,283.49,284.79,287.01,281.96,27.40M,0.23%
4/13/2023,289.84,283.59,289.9,283.17,24.22M,2.24%
4/14/2023,286.14,287,288.48,283.69,20.99M,-1.28%
4/17/2023,288.8,289.93,291.6,286.16,23.84M,0.93%
4/18/2023,288.37,291.57,291.76,287.01,20.16M,-0.15%
4/19/2023,288.45,285.99,289.05,284.54,17.15M,0.03%
4/20/2023,286.11,285.25,289.03,285.08,23.24M,-0.81%
4/21/2023,285.76,285.01,286.27,283.06,21.68M,-0.12%
4/24/2023,281.77,282.09,284.95,278.72,26.61M,-1.40%
4/25/2023,275.42,279.51,281.6,275.37,45.77M,-2.25%
4/26/2023,295.37,296.7,299.57,292.73,64.60M,7.24%
4/27/2023,304.83,295.97,305.2,295.25,46.46M,3.20%
4/28/2023,307.26,304.01,308.93,303.31,36.47M,0.80%
5/1/2023,305.56,306.97,308.6,305.15,21.29M,-0.55%
5/2/2023,305.41,307.76,309.18,303.91,26.40M,-0.05%
5/3/2023,304.4,306.62,308.61,304.09,22.36M,-0.33%
5/4/2023,305.41,306.24,307.76,303.4,22.52M,0.33%
5/5/2023,310.65,305.72,311.97,304.27,28.20M,1.72%
5/8/2023,308.65,310.13,310.2,306.09,21.32M,-0.64%
5/9/2023,307,308,310.04,306.31,21.34M,-0.53%
5/10/2023,312.31,308.62,313,307.67,30.08M,1.73%
5/11/2023,310.11,310.1,311.12,306.26,31.68M,-0.70%
5/12/2023,308.97,310.55,310.65,306.6,19.77M,-0.37%
5/15/2023,309.46,309.1,309.9,307.59,16.34M,0.16%
5/16/2023,311.74,309.83,313.71,309.83,26.73M,0.74%
5/17/2023,314,312.29,314.43,310.74,24.32M,0.72%
5/18/2023,318.52,314.53,319.04,313.72,27.28M,1.44%
5/19/2023,318.34,316.74,318.75,316.37,27.55M,-0.06%
5/22/2023,321.18,318.6,322.59,318.01,24.12M,0.89%
5/23/2023,315.26,320.03,322.72,315.25,30.80M,-1.84%
5/24/2023,313.85,314.73,316.5,312.61,23.38M,-0.45%
5/25/2023,325.92,323.24,326.9,320,43.30M,3.85%
5/26/2023,332.89,324.02,333.4,323.88,36.63M,2.14%
5/30/2023,331.21,335.23,335.74,330.52,29.50M,-0.50%
5/31/2023,328.39,332.29,335.94,327.33,45.95M,-0.85%
6/1/2023,332.58,325.93,333.53,324.72,26.77M,1.28%
6/2/2023,335.4,334.25,337.5,332.55,25.87M,0.85%
6/5/2023,335.94,335.22,338.56,334.66,21.31M,0.16%
6/6/2023,333.68,335.33,335.37,332.17,20.40M,-0.67%
6/7/2023,323.38,331.65,334.49,322.5,40.72M,-3.09%
6/8/2023,325.26,323.93,326.64,323.35,23.28M,0.58%
6/9/2023,326.79,324.99,329.99,324.41,22.53M,0.47%
6/12/2023,331.85,328.58,332.1,325.16,24.31M,1.55%
6/13/2023,334.29,334.46,336.98,330.39,22.95M,0.74%
6/14/2023,337.34,334.34,339.04,332.81,26.00M,0.91%
6/15/2023,348.1,337.48,349.84,337.2,38.90M,3.19%
6/16/2023,342.33,351.32,351.47,341.95,46.55M,-1.66%
6/20/2023,338.05,339.31,342.08,335.86,26.38M,-1.25%
6/21/2023,333.56,336.37,337.73,332.07,25.12M,-1.33%
6/22/2023,339.71,334.12,340.12,333.34,23.56M,1.84%
6/23/2023,335.02,334.36,337.96,333.45,23.15M,-1.38%
6/26/2023,328.6,333.72,336.11,328.49,21.52M,-1.92%
6/27/2023,334.57,331.86,336.15,329.3,24.35M,1.82%
6/28/2023,335.85,334.66,337.98,333.81,20.26M,0.38%
6/29/2023,335.05,334.71,336.11,332.62,17.00M,-0.24%
6/30/2023,340.54,337.75,342.73,337.2,26.83M,1.64%
7/3/2023,337.99,339.19,340.9,336.57,12.51M,-0.75%
7/5/2023,338.15,335.09,341.65,334.73,18.17M,0.05%
7/6/2023,341.27,337.3,342.99,335.5,28.20M,0.92%
7/7/2023,337.22,339.32,341.79,337,21.21M,-1.19%
7/10/2023,331.83,334.6,335.23,327.59,32.79M,-1.60%
7/11/2023,332.47,331.06,332.86,327,26.70M,0.19%
7/12/2023,337.2,336.6,341.65,335.67,30.00M,1.42%
7/13/2023,342.66,339.56,343.74,339.02,20.57M,1.62%
7/14/2023,345.24,347.59,351.43,344.31,28.35M,0.75%
7/17/2023,345.73,345.68,346.99,342.2,20.36M,0.14%
7/18/2023,359.49,345.83,366.78,342.17,64.87M,3.98%
7/19/2023,355.08,361.75,362.46,352.43,39.73M,-1.23%
7/20/2023,346.87,353.57,357.97,345.37,33.78M,-2.31%
7/21/2023,343.77,349.15,350.3,339.83,69.41M,-0.89%
7/24/2023,345.11,345.85,346.92,342.31,26.72M,0.39%
7/25/2023,350.98,347.11,351.89,345.07,41.64M,1.70%
7/26/2023,337.77,341.44,344.67,333.11,58.38M,-3.76%
7/27/2023,330.72,340.48,341.33,329.05,39.64M,-2.09%
7/28/2023,338.37,333.67,340.01,333.17,28.48M,2.31%
7/31/2023,335.92,336.92,337.7,333.36,25.45M,-0.72%
8/1/2023,336.34,335.19,338.54,333.7,18.38M,0.13%
8/2/2023,327.5,333.63,333.63,326.36,27.76M,-2.63%
8/3/2023,326.66,326,329.88,325.95,18.36M,-0.26%
8/4/2023,327.78,331.88,335.14,327.24,23.74M,0.34%
8/7/2023,330.11,328.37,331.11,327.52,17.74M,0.71%
8/8/2023,326.05,326.96,328.75,323,22.33M,-1.23%
8/9/2023,322.23,326.47,327.11,321.05,22.37M,-1.17%
8/10/2023,322.93,326.02,328.26,321.18,20.11M,0.22%
8/11/2023,321.01,320.26,322.41,319.21,24.36M,-0.59%
8/14/2023,324.04,321.39,324.06,320.08,18.84M,0.94%
8/15/2023,321.86,323,325.09,320.9,16.97M,-0.67%
8/16/2023,320.4,320.8,324.42,319.8,20.70M,-0.45%
8/17/2023,316.88,320.54,321.87,316.21,21.26M,-1.10%
8/18/2023,316.48,314.49,318.38,311.55,24.76M,-0.13%
8/21/2023,321.88,317.93,322.77,317.04,24.04M,1.71%
8/22/2023,322.46,325.5,326.08,321.46,16.10M,0.18%
8/23/2023,327,323.82,329.2,323.46,21.17M,1.41%
8/24/2023,319.97,332.85,332.98,319.96,23.28M,-2.15%
8/25/2023,322.98,321.47,325.36,318.8,21.68M,0.94%
8/28/2023,323.7,325.66,326.15,321.72,14.81M,0.22%
8/29/2023,328.41,321.88,328.98,321.88,19.28M,1.46%
8/30/2023,328.79,328.67,329.81,326.45,15.22M,0.12%
8/31/2023,327.76,329.2,330.91,326.78,26.41M,-0.31%
9/1/2023,328.66,331.31,331.99,326.78,14.94M,0.27%
9/5/2023,333.55,329,334.85,328.66,18.55M,1.49%
9/6/2023,332.88,333.38,334.46,330.18,17.54M,-0.20%
9/7/2023,329.91,331.29,333.08,329.03,18.38M,-0.89%
9/8/2023,334.27,330.09,336.16,329.46,19.55M,1.32%
9/11/2023,337.94,337.24,338.42,335.43,16.58M,1.10%
9/12/2023,331.77,335.82,336.79,331.48,17.57M,-1.83%
9/13/2023,336.06,331.31,336.85,331.17,16.54M,1.29%
9/14/2023,338.7,339.15,340.86,336.57,20.27M,0.79%
9/15/2023,330.22,336.92,337.4,329.65,37.68M,-2.50%
9/18/2023,329.06,327.8,330.4,326.36,16.83M,-0.35%
9/19/2023,328.65,326.17,329.39,324.51,16.51M,-0.12%
9/20/2023,320.77,329.51,329.59,320.51,21.44M,-2.40%
9/21/2023,319.53,319.26,325.35,315,35.56M,-0.39%
9/22/2023,317.01,321.32,321.45,316.15,21.45M,-0.79%
9/25/2023,317.54,316.59,317.67,315,17.84M,0.17%
9/26/2023,312.14,315.13,315.88,310.02,26.30M,-1.70%
9/27/2023,312.79,312.3,314.3,309.69,19.41M,0.21%
9/28/2023,313.64,310.99,315.48,309.45,19.68M,0.27%
9/29/2023,315.75,317.75,319.47,314.98,24.15M,0.67%
10/2/2023,321.8,316.28,321.89,315.18,20.57M,1.92%
10/3/2023,313.39,320.83,321.39,311.21,21.03M,-2.61%
10/4/2023,318.95,314.03,320.04,314,20.72M,1.78%
10/5/2023,319.36,319.09,319.98,314.9,16.97M,0.13%
10/6/2023,327.26,316.55,329.19,316.3,25.67M,2.47%
10/9/2023,329.82,324.75,330.3,323.18,19.89M,0.78%
10/10/2023,328.39,330.96,331.1,327.67,20.56M,-0.43%
10/11/2023,332.42,331.21,332.82,329.14,20.06M,1.23%
10/12/2023,331.16,330.57,333.63,328.72,19.31M,-0.38%
10/13/2023,327.73,332.38,333.83,326.36,21.09M,-1.04%
10/16/2023,332.64,331.05,336.14,330.6,22.16M,1.50%
10/17/2023,332.06,329.59,333.46,327.41,18.34M,-0.17%
10/18/2023,330.11,332.49,335.59,328.3,23.15M,-0.59%
10/19/2023,331.32,332.15,336.88,330.91,25.05M,0.37%
10/20/2023,326.67,331.72,331.92,325.45,25.03M,-1.40%
10/23/2023,329.32,325.47,332.73,324.39,24.37M,0.81%
10/24/2023,330.53,331.3,331.84,327.6,31.15M,0.37%
10/25/2023,340.67,345.02,346.2,337.62,55.05M,3.07%
10/26/2023,327.89,340.54,341.63,326.94,37.83M,-3.75%
10/27/2023,329.81,330.42,336.72,328.4,29.86M,0.59%
10/30/2023,337.31,333.41,339.45,331.83,22.83M,2.27%
10/31/2023,338.11,338.85,339,334.69,20.27M,0.24%
11/1/2023,346.07,339.79,347.42,339.65,28.16M,2.35%
11/2/2023,348.32,347.24,348.83,344.77,24.35M,0.65%
11/3/2023,352.8,349.63,354.39,347.33,23.64M,1.29%
11/6/2023,356.53,353.45,357.54,353.35,23.83M,1.06%
11/7/2023,360.53,359.4,362.46,357.63,25.83M,1.12%
11/8/2023,363.2,361.68,363.87,360.55,26.77M,0.74%
11/9/2023,360.69,362.3,364.79,360.36,24.85M,-0.69%
11/10/2023,369.67,361.49,370.1,361.07,28.07M,2.49%
11/13/2023,366.68,368.22,368.47,365.9,19.99M,-0.81%
11/14/2023,370.27,371.01,371.95,367.35,27.68M,0.98%
11/15/2023,369.67,371.28,373.13,367.11,26.86M,-0.16%
11/16/2023,376.17,370.96,376.35,370.18,27.18M,1.76%
11/17/2023,369.85,373.61,374.37,367,40.33M,-1.68%
11/20/2023,377.44,371.22,378.87,371,52.53M,2.05%
11/21/2023,373.07,375.67,376.22,371.12,28.42M,-1.16%
11/22/2023,377.85,378,379.79,374.96,23.36M,1.28%
11/24/2023,377.43,377.33,377.97,375.14,10.18M,-0.11%
11/27/2023,378.61,376.78,380.64,376.2,22.18M,0.31%
11/28/2023,382.7,378.35,383,378.16,20.45M,1.08%
11/29/2023,378.85,383.76,384.3,377.44,28.96M,-1.01%
11/30/2023,378.91,378.49,380.09,375.47,30.55M,0.02%
12/1/2023,374.51,376.76,378.16,371.31,33.04M,-1.16%
12/4/2023,369.14,369.1,369.52,362.9,32.06M,-1.43%
12/5/2023,372.52,366.45,373.08,365.62,23.07M,0.92%
12/6/2023,368.8,373.54,374.18,368.03,21.18M,-1.00%
12/7/2023,370.95,368.23,371.45,366.32,23.12M,0.58%
12/8/2023,374.23,369.2,374.46,368.23,20.15M,0.88%
12/11/2023,371.3,368.48,371.6,366.1,27.71M,-0.78%
12/12/2023,374.38,370.85,374.42,370.46,24.84M,0.83%
12/13/2023,374.37,376.02,377.64,370.77,30.96M,0.00%
12/14/2023,365.93,373.31,373.76,364.13,43.28M,-2.25%
12/15/2023,370.73,366.85,372.4,366.28,78.50M,1.31%
12/18/2023,372.65,369.45,373,368.68,21.80M,0.52%
12/19/2023,373.26,371.49,373.26,369.84,20.60M,0.16%
12/20/2023,370.62,375,376.03,370.53,26.32M,-0.71%
12/21/2023,373.54,372.56,374.41,370.04,17.71M,0.79%
12/22/2023,374.58,373.68,375.18,372.71,17.11M,0.28%
12/26/2023,374.66,375,376.94,373.5,12.67M,0.02%
12/27/2023,374.07,373.69,375.06,372.81,14.91M,-0.16%
12/28/2023,375.28,375.37,376.46,374.16,14.33M,0.32%
12/29/2023,376.04,376,377.16,373.48,18.73M,0.20%
1/2/2024,370.87,373.86,375.9,366.77,25.26M,-1.37%
1/3/2024,370.6,369.01,373.26,368.51,23.08M,-0.07%
1/4/2024,367.94,370.67,373.1,367.17,20.90M,-0.72%
1/5/2024,367.75,368.97,372.06,366.5,21.00M,-0.05%
1/8/2024,374.69,369.3,375.2,369.01,23.13M,1.89%
1/9/2024,375.79,372.01,375.99,371.19,20.83M,0.29%
1/10/2024,382.77,376.37,384.17,376.32,25.51M,1.86%
1/11/2024,384.63,386,390.68,380.38,27.85M,0.49%
1/12/2024,388.47,385.49,388.68,384.65,21.66M,1.00%
1/16/2024,390.27,393.66,394.03,387.62,27.20M,0.46%
1/17/2024,389.47,387.98,390.11,384.81,22.23M,-0.20%
1/18/2024,393.87,391.72,393.99,390.12,23.39M,1.13%
1/19/2024,398.67,395.76,398.67,393.5,29.33M,1.22%
1/22/2024,396.51,400.02,400.62,393.59,27.02M,-0.54%
1/23/2024,398.9,395.75,399.38,393.93,20.53M,0.60%
1/24/2024,402.56,401.54,405.63,400.45,24.87M,0.92%
1/25/2024,404.87,404.32,407.01,402.53,21.02M,0.57%
1/26/2024,403.93,404.37,406.17,402.43,17.80M,-0.23%
1/29/2024,409.72,406.06,409.98,404.33,24.51M,1.43%
1/30/2024,408.59,412.26,413.05,406.45,33.48M,-0.28%
1/31/2024,397.58,406.96,415.32,397.21,47.87M,-2.69%
2/1/2024,403.78,401.83,408,401.8,30.66M,1.56%
2/2/2024,411.22,403.81,412.65,403.56,28.26M,1.84%
2/5/2024,405.65,409.9,411.16,403.99,25.35M,-1.35%
2/6/2024,405.49,405.88,407.97,402.91,18.38M,-0.04%
2/7/2024,414.05,407.44,414.3,407.4,22.34M,2.11%
2/8/2024,414.11,414.05,415.56,412.53,21.23M,0.01%
2/9/2024,420.55,415.25,420.82,415.09,22.03M,1.56%
2/12/2024,415.26,420.55,420.74,414.75,21.20M,-1.26%
2/13/2024,406.32,404.94,410.07,403.39,27.82M,-2.15%
2/14/2024,409.49,408.07,409.84,404.57,20.40M,0.78%
2/15/2024,406.56,408.14,409.13,404.29,21.83M,-0.72%
2/16/2024,404.06,407.96,408.29,403.44,22.30M,-0.61%
2/20/2024,402.79,403.24,404.49,398.01,24.31M,-0.31%
2/21/2024,402.18,400.17,402.29,397.22,18.63M,-0.15%
2/22/2024,411.65,410.19,412.83,408.57,27.01M,2.35%
2/23/2024,410.34,415.67,415.86,408.97,16.30M,-0.32%
2/26/2024,407.54,411.45,412.16,407.36,16.19M,-0.68%
2/27/2024,407.48,407.99,408.32,403.85,14.84M,-0.01%
2/28/2024,407.72,408.17,409.3,405.32,13.18M,0.06%
2/29/2024,413.64,408.64,414.2,405.92,31.95M,1.45%
3/1/2024,415.5,411.27,415.87,410.88,17.82M,0.45%
3/4/2024,414.92,413.44,417.35,412.32,17.60M,-0.14%
3/5/2024,402.65,413.96,414.25,400.64,26.92M,-2.96%
3/6/2024,402.09,402.97,405.16,398.39,22.34M,-0.14%
3/7/2024,409.14,406.12,409.78,402.24,18.72M,1.75%
3/8/2024,406.22,407.96,410.42,404.33,18.00M,-0.71%
3/11/2024,404.52,403.76,405.68,401.26,16.12M,-0.42%
3/12/2024,415.28,407.62,415.57,406.79,22.46M,2.66%
3/13/2024,415.1,418.1,418.18,411.45,17.12M,-0.04%
3/14/2024,425.22,420.24,427.82,417.99,34.16M,2.44%
3/15/2024,416.42,419.29,422.6,412.79,45.08M,-2.07%
3/18/2024,417.32,414.25,420.73,413.78,20.11M,0.22%
3/19/2024,421.41,417.83,421.67,415.55,19.84M,0.98%
3/20/2024,425.23,422,425.96,420.66,17.86M,0.91%
3/21/2024,429.37,429.83,430.82,427.16,21.30M,0.97%
3/22/2024,428.74,429.7,429.86,426.07,17.65M,-0.15%
3/25/2024,422.86,425.24,427.41,421.61,18.06M,-1.37%
3/26/2024,421.65,425.61,425.99,421.35,16.73M,-0.29%
3/27/2024,421.43,424.44,424.45,419.01,16.70M,-0.05%
3/28/2024,420.72,420.96,421.87,419.12,21.87M,-0.17%
4/1/2024,424.57,423.95,427.89,422.22,16.32M,0.92%
4/2/2024,421.44,420.11,422.38,417.84,17.91M,-0.74%
4/3/2024,420.45,419.73,423.26,419.08,16.50M,-0.23%
4/4/2024,417.88,424.99,428.67,417.57,19.37M,-0.61%
4/5/2024,425.52,420.01,426.51,418.32,16.55M,1.83%
4/8/2024,424.59,425.17,427.28,423.3,14.27M,-0.22%
4/9/2024,426.28,426.44,427.74,421.62,12.51M,0.40%
4/10/2024,423.26,422.19,424.03,419.7,16.22M,-0.71%
4/11/2024,427.93,425.82,429.37,422.36,17.97M,1.10%
4/12/2024,421.9,424.05,425.18,419.77,19.25M,-1.41%
4/15/2024,413.64,426.6,426.82,413.43,20.27M,-1.96%
4/16/2024,414.58,414.57,418.4,413.73,16.77M,0.23%
4/17/2024,411.84,417.25,418.88,410.33,15.86M,-0.66%
4/18/2024,404.27,410.63,411.89,403.95,21.03M,-1.84%
4/19/2024,399.12,404.03,405.48,397.77,30.57M,-1.27%
4/22/2024,400.96,400.08,402.85,395.75,20.29M,0.46%
4/23/2024,407.57,404.23,408.2,403.06,15.73M,1.65%
4/24/2024,409.06,409.56,412.47,406.78,15.07M,0.37%
4/25/2024,399.04,394.03,399.89,388.03,40.59M,-2.45%
4/26/2024,406.32,412.17,413,405.76,29.69M,1.82%
4/29/2024,402.25,405.25,406.32,399.19,19.58M,-1.00%
4/30/2024,389.33,401.49,402.16,389.17,28.78M,-3.21%
5/1/2024,394.94,392.61,401.72,390.31,23.56M,1.44%
5/2/2024,397.84,397.66,399.93,394.65,17.71M,0.73%
5/3/2024,406.66,402.28,407.15,401.86,17.45M,2.22%
5/6/2024,413.54,408.76,413.93,406.37,17.00M,1.69%
5/7/2024,409.34,414.66,414.67,409.09,20.02M,-1.02%
5/8/2024,410.54,408.17,412.23,406.71,11.79M,0.29%
5/9/2024,412.32,410.57,412.72,409.1,14.69M,0.43%
5/10/2024,414.74,412.93,415.38,411.8,13.40M,0.59%
5/13/2024,413.72,418.01,418.35,410.82,15.44M,-0.25%
5/14/2024,416.56,412.02,417.49,411.55,15.11M,0.69%
5/15/2024,423.08,417.9,423.81,417.27,22.24M,1.57%
5/16/2024,420.99,421.8,425.42,420.35,17.53M,-0.49%
5/17/2024,420.21,422.54,422.92,418.02,15.35M,-0.19%
5/20/2024,425.34,420.21,426.77,419.99,16.27M,1.22%
5/21/2024,429.04,426.83,432.97,424.85,21.45M,0.87%
5/22/2024,430.52,430.09,432.41,427.13,18.07M,0.34%
5/23/2024,427,432.97,433.6,425.42,17.21M,-0.82%
5/24/2024,430.16,427.19,431.05,424.41,11.86M,0.74%
5/28/2024,430.32,429.63,430.82,426.6,15.72M,0.04%
5/29/2024,429.17,425.69,430.94,425.69,15.52M,-0.27%
5/30/2024,414.67,424.3,424.3,414.24,28.42M,-3.38%
5/31/2024,415.13,416.75,416.75,404.51,48.00M,0.11%
6/3/2024,413.52,415.52,416.43,408.92,17.48M,-0.39%
6/4/2024,416.07,412.43,416.44,409.67,14.35M,0.62%
6/5/2024,424.01,417.81,424.08,416.3,16.99M,1.91%
6/6/2024,424.52,424.01,425.31,420.58,14.86M,0.12%
6/7/2024,423.85,426.2,426.28,423,13.62M,-0.16%
6/10/2024,427.87,424.7,428.08,423.89,14.00M,0.95%
6/11/2024,432.68,425.48,432.82,425.25,14.55M,1.12%
6/12/2024,441.06,435.32,443.4,433.25,22.37M,1.94%
6/13/2024,441.58,440.85,443.39,439.37,15.96M,0.12%
6/14/2024,442.57,438.27,443.14,436.72,13.58M,0.22%
6/17/2024,448.37,442.58,450.94,440.72,20.79M,1.31%
6/18/2024,446.34,449.7,450.14,444.89,17.11M,-0.45%
6/20/2024,445.7,446.3,446.53,441.27,19.88M,-0.14%
6/21/2024,449.78,447.38,450.58,446.51,34.49M,0.92%
6/24/2024,447.67,449.8,452.75,446.41,15.91M,-0.47%
6/25/2024,450.95,448.25,451.42,446.75,16.75M,0.73%
6/26/2024,452.16,449,453.6,448.19,16.51M,0.27%
6/27/2024,452.85,452.17,456.17,451.77,14.81M,0.15%
6/28/2024,446.95,453.07,455.38,446.41,28.36M,-1.30%
7/1/2024,456.73,448.66,457.37,445.66,17.66M,2.19%
7/2/2024,459.28,453.2,459.59,453.11,13.98M,0.56%
7/3/2024,460.77,458.19,461.02,457.88,9.93M,0.32%
7/5/2024,467.56,459.61,468.35,458.96,16.00M,1.47%
7/8/2024,466.24,466.55,467.7,464.46,12.96M,-0.28%
7/9/2024,459.54,467,467.33,458,17.23M,-1.44%
7/10/2024,466.25,461.22,466.46,458.86,18.20M,1.46%
7/11/2024,454.7,462.98,464.78,451.55,23.11M,-2.48%
7/12/2024,453.55,454.33,456.36,450.64,16.32M,-0.25%
7/15/2024,453.96,453.3,457.26,451.43,14.43M,0.09%
7/16/2024,449.52,454.22,454.3,446.66,17.18M,-0.98%
7/17/2024,443.52,442.59,444.85,439.18,21.75M,-1.33%
7/18/2024,440.37,444.34,444.65,434.4,20.79M,-0.71%
7/19/2024,437.11,433.1,441.14,432,20.94M,-0.74%
7/22/2024,442.94,441.79,444.6,438.91,15.81M,1.33%
7/23/2024,444.85,443.89,448.39,443.1,13.11M,0.43%
7/24/2024,428.9,440.45,441.48,427.58,26.81M,-3.59%
7/25/2024,418.4,428.8,429.8,417.51,29.94M,-2.45%
7/26/2024,425.27,418.2,428.92,417.27,23.58M,1.64%
7/29/2024,426.73,431.58,432.15,424.7,15.13M,0.34%
7/30/2024,422.92,427.72,429.05,417.36,32.69M,-0.89%
7/31/2024,418.35,420.49,421.77,412.21,42.89M,-1.08%
8/1/2024,417.11,420.79,427.46,413.09,30.30M,-0.30%
8/2/2024,408.49,412.49,415,404.34,29.44M,-2.07%
8/5/2024,395.15,389.17,401.04,385.58,40.71M,-3.27%
8/6/2024,399.61,400,405.67,398.5,24.95M,1.13%
8/7/2024,398.43,408.64,410.08,397.47,20.65M,-0.30%
8/8/2024,402.69,402.44,405.86,399.94,20.20M,1.07%
8/9/2024,406.02,404.03,408.05,402.26,19.28M,0.83%
8/12/2024,406.81,407.06,408.76,404.24,16.76M,0.19%
8/13/2024,414.01,409.59,414.95,409.57,19.41M,1.77%
8/14/2024,416.86,414.8,417.72,412.45,18.27M,0.69%
8/15/2024,421.03,419.8,421.11,417.66,20.75M,1.00%
8/16/2024,418.47,420.6,421.34,417.3,22.78M,-0.61%
8/19/2024,421.53,418.96,421.75,416.46,15.23M,0.73%
8/20/2024,424.8,421.7,425.86,421.64,16.39M,0.78%
8/21/2024,424.14,424.08,426.4,421.72,16.07M,-0.16%
8/22/2024,415.55,424.36,426.79,414.61,19.36M,-2.03%
8/23/2024,416.79,416.98,419.26,412.09,18.49M,0.30%
8/26/2024,413.49,416.36,417.28,411.34,13.15M,-0.79%
8/27/2024,413.84,412.86,414.36,410.25,13.49M,0.08%
8/28/2024,410.6,414.88,415,407.31,14.88M,-0.78%
8/29/2024,413.12,414.94,422.05,410.6,17.05M,0.61%
8/30/2024,417.14,415.6,417.49,412.13,24.31M,0.97%
9/3/2024,409.44,417.91,419.88,407.03,20.31M,-1.85%
9/4/2024,408.9,405.91,411.24,404.37,15.14M,-0.13%
9/5/2024,408.39,407.62,413.1,406.13,14.20M,-0.12%
9/6/2024,401.7,409.06,410.65,400.8,19.61M,-1.64%
9/9/2024,405.72,407.24,408.65,402.15,15.30M,1.00%
9/10/2024,414.2,408.2,416.33,407.7,19.59M,2.09%
9/11/2024,423.04,415.5,423.99,409.58,19.27M,2.13%
9/12/2024,427,423.31,427.37,419.75,17.42M,0.94%
9/13/2024,430.59,425.83,431.83,425.46,15.87M,0.84%
9/16/2024,431.34,430.6,433.53,428.22,13.83M,0.17%
9/17/2024,435.15,440.23,441.85,432.27,18.87M,0.88%
9/18/2024,430.81,435,436.03,430.41,18.90M,-1.00%
9/19/2024,438.69,441.23,441.5,436.9,21.71M,1.83%
9/20/2024,435.27,437.22,439.24,434.22,55.17M,-0.78%
9/23/2024,433.51,434.28,436.46,430.39,15.13M,-0.40%
9/24/2024,429.17,433,433.35,426.1,17.02M,-1.00%
9/25/2024,432.11,429.83,433.12,428.57,13.40M,0.69%
9/26/2024,431.31,435.08,435.3,429.13,14.49M,-0.19%
9/27/2024,428.02,431.52,431.85,427.47,14.90M,-0.76%
9/30/2024,430.3,428.21,430.42,425.37,16.85M,0.53%
10/1/2024,420.69,428.45,428.48,418.81,19.09M,-2.23%
10/2/2024,417.13,422.58,422.82,416.71,16.58M,-0.85%
10/3/2024,416.54,417.63,419.55,414.29,13.69M,-0.14%
10/4/2024,416.06,418.24,419.75,414.97,19.19M,-0.12%
10/7/2024,409.54,416,417.11,409,20.92M,-1.57%
10/8/2024,414.71,410.9,415.66,408.17,19.23M,1.26%
10/9/2024,417.46,415.86,420.38,414.3,14.97M,0.66%
10/10/2024,415.84,415.23,417.35,413.15,13.85M,-0.39%
10/11/2024,416.32,416.14,417.13,413.25,14.14M,0.12%
10/14/2024,419.14,417.77,424.04,417.52,16.65M,0.68%
10/15/2024,418.74,422.18,422.48,415.26,18.90M,-0.10%
10/16/2024,416.12,415.17,416.36,410.48,15.51M,-0.63%
10/17/2024,416.72,422.36,422.5,415.59,14.82M,0.14%
10/18/2024,418.16,417.14,419.65,416.26,17.15M,0.35%
10/21/2024,418.78,416.12,418.96,413.75,14.21M,0.15%
10/22/2024,427.51,418.49,430.58,418.04,25.48M,2.08%
10/23/2024,424.6,430.86,431.08,422.53,19.65M,-0.68%
10/24/2024,424.73,425.33,425.98,422.4,13.58M,0.03%
10/25/2024,428.15,426.76,432.52,426.57,16.90M,0.81%
10/28/2024,426.59,431.65,431.94,426.3,14.88M,-0.36%
10/29/2024,431.95,428,433.17,425.8,17.64M,1.26%
10/30/2024,432.53,437.43,438.5,432.1,29.75M,0.13%
10/31/2024,406.35,415.36,416.16,406.3,53.97M,-6.05%
11/1/2024,410.37,409.01,415.5,407.5,24.23M,0.99%
11/4/2024,408.46,409.8,410.42,405.57,19.67M,-0.47%
11/5/2024,411.46,408.37,414.9,408.08,17.63M,0.73%
11/6/2024,420.18,412.42,420.45,410.52,26.68M,2.12%
11/7/2024,425.43,421.28,426.85,419.88,19.90M,1.25%
11/8/2024,422.54,425.32,426.5,421.78,16.89M,-0.68%
11/11/2024,418.01,422.52,424.81,416,24.50M,-1.07%
11/12/2024,423.03,418.25,424.44,417.2,19.40M,1.20%
11/13/2024,425.2,421.64,429.33,418.21,21.50M,0.51%
11/14/2024,426.89,425,428.17,420,30.25M,0.40%
11/15/2024,415,419.82,422.8,413.64,28.25M,-2.79%
11/18/2024,415.76,414.87,418.4,412.1,24.74M,0.18%
11/19/2024,417.79,413.11,417.94,411.55,18.13M,0.49%
11/20/2024,415.49,416.87,417.29,410.58,19.19M,-0.55%
11/21/2024,412.87,419.5,419.78,410.29,20.78M,-0.63%
11/22/2024,417,411.36,417.4,411.06,24.81M,1.00%
11/25/2024,418.79,418.38,421.08,414.85,27.69M,0.43%
11/26/2024,427.99,419.58,429.04,418.85,23.46M,2.20%
11/27/2024,422.99,425.11,427.23,422.02,18.33M,-1.17%
11/29/2024,423.46,420.09,424.88,417.8,16.27M,0.11%
12/2/2024,430.98,421.57,433,421.31,20.21M,1.78%
12/3/2024,431.2,429.84,432.47,427.74,18.30M,0.05%
12/4/2024,437.42,433.03,439.67,432.63,26.01M,1.44%
12/5/2024,442.62,437.92,444.66,436.17,21.70M,1.19%
12/6/2024,443.57,442.3,446.1,441.77,18.82M,0.21%
12/9/2024,446.02,442.6,448.33,440.5,19.14M,0.55%
12/10/2024,443.33,444.39,449.62,441.6,18.47M,-0.60%
12/11/2024,448.99,444.05,450.35,444.05,19.20M,1.28%
12/12/2024,449.56,449.11,456.16,449.11,20.83M,0.13%
12/13/2024,447.27,448.43,451.43,445.58,20.18M,-0.51%
12/16/2024,451.59,447.27,452.18,445.28,23.60M,0.97%
12/17/2024,454.46,451.01,455.29,449.57,22.73M,0.64%
12/18/2024,437.39,451.32,452.65,437.02,24.44M,-3.76%
12/19/2024,437.03,441.62,443.18,436.32,22.96M,-0.08%
12/20/2024,436.6,433.11,443.74,428.63,64.26M,-0.10%
12/23/2024,435.25,436.74,437.65,432.83,19.15M,-0.31%
12/24/2024,439.33,434.65,439.6,434.19,7.16M,0.94%
12/26/2024,438.11,439.08,440.94,436.63,8.20M,-0.28%
12/27/2024,430.53,434.6,435.22,426.35,18.12M,-1.73%
12/30/2024,424.83,426.06,427.55,421.9,13.16M,-1.32%
12/31/2024,421.5,426.1,426.73,420.66,13.25M,-0.78%
1/2/2025,418.58,425.53,426.07,414.85,16.90M,-0.69%
1/3/2025,423.35,421.08,424.03,419.54,16.66M,1.14%
1/6/2025,427.85,428,434.32,425.48,20.57M,1.06%
1/7/2025,422.37,429,430.65,420.8,18.14M,-1.28%
1/8/2025,424.56,423.46,426.97,421.54,15.05M,0.52%
1/10/2025,418.95,424.63,424.71,415.02,20.20M,-1.32%
1/13/2025,417.19,415.23,418.5,412.29,17.60M,-0.42%
1/14/2025,415.67,417.81,419.74,410.72,16.94M,-0.36%
1/15/2025,426.31,419.13,428.15,418.27,19.64M,2.56%
1/16/2025,424.58,428.7,429.49,424.39,15.30M,-0.41%
1/17/2025,429.03,434.08,434.48,428.17,26.20M,1.05%
1/21/2025,428.5,430.2,430.9,425.6,26.09M,-0.12%
1/22/2025,446.2,437.56,447.27,436,27.80M,4.13%
1/23/2025,446.71,442,446.75,441.5,18.39M,0.11%
1/24/2025,444.06,445.16,446.65,441.4,15.55M,-0.59%
1/27/2025,434.56,424.01,435.2,423.5,35.65M,-2.14%
1/28/2025,447.2,434.6,448.38,431.38,23.49M,2.91%
1/29/2025,442.33,446.69,446.88,440.4,23.58M,-1.09%
1/30/2025,414.99,418.77,422.86,413.16,54.59M,-6.18%
1/31/2025,415.06,418.98,420.69,414.91,34.22M,0.02%
2/3/2025,410.92,411.6,415.41,408.66,25.68M,-1.00%
2/4/2025,412.37,412.68,413.92,409.74,20.53M,0.35%
2/5/2025,413.29,412.35,413.83,410.4,16.34M,0.22%
2/6/2025,415.82,414,418.2,414,16.31M,0.61%
2/7/2025,409.75,416.48,418.65,408.1,22.89M,-1.46%
2/10/2025,412.22,413.71,415.46,410.92,20.82M,0.60%
2/11/2025,411.44,409.64,412.49,409.3,18.14M,-0.19%
2/12/2025,409.04,407.21,410.75,404.37,19.12M,-0.58%
2/13/2025,410.54,407,411,406.36,23.89M,0.37%
2/14/2025,408.43,407.79,408.91,405.88,22.76M,-0.51%
2/18/2025,409.64,408,410.6,406.5,21.42M,0.30%
2/19/2025,414.77,407.88,415.49,407.65,24.11M,1.25%
2/20/2025,416.13,415.29,419.31,412.54,23.51M,0.33%
2/21/2025,408.21,417.33,418.05,407.89,27.52M,-1.90%
2/24/2025,404,408.51,409.37,399.32,26.44M,-1.03%
2/25/2025,397.9,401.1,401.92,396.7,29.39M,-1.51%
2/26/2025,399.73,398.01,403.6,394.24,19.62M,0.46%
2/27/2025,392.53,401.27,405.74,392.17,21.13M,-1.80%
2/28/2025,396.99,392.65,397.63,386.57,32.85M,1.14%
3/3/2025,388.49,398.82,398.82,386.15,23.01M,-2.14%
3/4/2025,388.61,383.4,392.58,381,29.34M,0.03%
3/5/2025,401.02,389.34,401.67,388.81,23.43M,3.19%
3/6/2025,396.89,394.28,402.15,392.68,23.30M,-1.03%
3/7/2025,393.31,392.32,394.8,385.54,22.03M,-0.90%
3/10/2025,380.16,385.84,386.4,377.22,32.84M,-3.34%
3/11/2025,380.45,379,386,376.91,30.38M,0.08%
3/12/2025,383.27,382.95,385.22,378.95,24.25M,0.74%
3/13/2025,378.77,383.15,385.32,377.45,20.47M,-1.17%
3/14/2025,388.56,379.77,390.23,379.51,19.95M,2.58%
3/17/2025,388.7,386.7,392.7,385.57,22.47M,0.04%
3/18/2025,383.52,387.07,387.37,381.1,19.49M,-1.33%
3/19/2025,387.82,385.52,389.68,384,19.19M,1.12%
3/20/2025,386.84,385.73,391.79,383.28,18.47M,-0.25%
3/21/2025,391.26,383.21,391.74,382.8,39.68M,1.14%
3/24/2025,393.08,395.4,395.4,389.81,21.00M,0.47%
3/25/2025,395.16,393.92,396.36,392.64,15.77M,0.53%
3/26/2025,389.97,395,395.31,388.57,16.13M,-1.31%
3/27/2025,390.58,390.13,392.24,387.39,13.77M,0.16%
3/28/2025,378.8,388.08,389.13,376.93,21.63M,-3.02%
3/31/2025,375.39,372.54,377.07,367.24,35.18M,-0.90%
4/1/2025,382.19,374.65,382.85,373.23,19.69M,1.81%
4/2/2025,382.14,377.96,385.08,376.62,16.09M,-0.01%
4/3/2025,373.11,374.79,377.48,369.35,30.20M,-2.36%
4/4/2025,359.84,364.13,374.59,359.48,49.21M,-3.56%
4/7/2025,357.86,350.88,371,344.79,50.43M,-0.55%
4/8/2025,354.56,368.26,373.65,350.25,35.87M,-0.92%
4/9/2025,390.49,353.54,393.23,353.1,50.20M,10.13%
4/10/2025,381.35,382.06,383.9,367.8,38.02M,-2.34%
4/11/2025,388.45,380.64,390.05,378.89,23.84M,1.86%
4/14/2025,387.81,393.22,394.65,384.21,19.25M,-0.16%
4/15/2025,385.73,388.51,391.89,384.16,17.20M,-0.54%
4/16/2025,371.61,380.67,381.61,368,21.97M,-3.66%
4/17/2025,367.78,373.74,374.32,366.89,21.12M,-1.03%
4/21/2025,359.12,362.82,364.48,355.67,20.81M,-2.35%
4/22/2025,366.82,363.38,367.77,359.86,19.48M,2.14%
4/23/2025,374.39,376.06,380.39,373.02,20.55M,2.06%
4/24/2025,387.3,375.7,388.45,375.19,22.23M,3.45%
4/25/2025,391.85,387,392.16,384.6,18.97M,1.17%
4/28/2025,391.16,391.95,392.74,386.64,16.58M,-0.18%
4/29/2025,394.04,391.3,395.1,390.38,14.97M,0.74%
4/30/2025,395.26,390.3,396.66,384.44,36.46M,0.31%
5/1/2025,425.4,431.11,436.99,424.9,58.94M,7.63%
5/2/2025,435.28,431.74,439.44,429.98,30.76M,2.32%
5/5/2025,436.17,432.87,439.5,432.11,20.14M,0.20%
5/6/2025,433.31,432.2,437.73,431.17,15.10M,-0.66%
5/7/2025,433.35,433.84,438.12,431.11,23.31M,0.01%
5/8/2025,438.17,437.93,443.67,435.66,23.49M,1.11%
5/9/2025,438.73,440,440.74,435.88,15.32M,0.13%
5/12/2025,449.26,445.94,449.37,439.78,22.82M,2.40%
5/13/2025,449.14,447.78,450.67,445.36,23.62M,-0.03%
5/14/2025,452.94,448.14,453.9,448.14,19.90M,0.85%
5/15/2025,453.13,450.77,456.19,450.43,21.99M,0.04%
5/16/2025,454.27,452.05,454.36,448.73,23.85M,0.25%
5/19/2025,458.87,450.88,459.58,450.8,21.34M,1.01%
5/20/2025,458.17,455.59,458.34,454.32,15.44M,-0.15%
5/21/2025,452.57,454.57,457.78,451.81,19.22M,-1.22%
5/22/2025,454.86,454.95,460.25,453.9,18.03M,0.51%
5/23/2025,450.18,449.98,453.69,448.91,16.88M,-1.03%
5/27/2025,460.69,456.48,460.95,456.11,20.97M,2.33%
5/28/2025,457.36,461.22,462.52,456.93,17.09M,-0.72%
5/29/2025,458.68,461.55,461.72,455.31,13.98M,0.29%
5/30/2025,460.36,459.71,461.68,455.54,34.77M,0.37%
6/2/2025,461.97,457.14,462.11,456.89,16.63M,0.35%
6/3/2025,462.97,461.47,464.14,460.86,15.74M,0.22%
6/4/2025,463.87,464,465.69,463.02,14.16M,0.19%
6/5/2025,467.68,464.95,469.65,464.03,20.15M,0.82%
6/6/2025,470.38,470.08,473.33,468.78,15.29M,0.58%
6/9/2025,472.75,469.7,473.43,468.62,16.47M,0.50%
6/10/2025,470.92,471.18,472.8,466.96,15.38M,-0.39%
6/11/2025,472.62,470.02,475.47,469.65,16.40M,0.36%
6/12/2025,478.87,475.02,480.42,473.52,18.95M,1.32%
6/13/2025,474.96,476.41,479.18,472.76,16.81M,-0.82%
6/16/2025,479.14,475.21,480.69,475,15.63M,0.88%
6/17/2025,478.04,475.39,478.74,474.08,15.41M,-0.23%
6/18/2025,480.24,478,481,474.46,17.53M,0.46%
6/20/2025,477.4,482.23,483.46,476.87,37.58M,-0.59%
6/23/2025,486,478.21,487.75,472.51,24.86M,1.80%
6/24/2025,490.11,488.95,491.85,486.8,22.31M,0.85%
6/25/2025,492.27,492.04,494.56,489.39,17.50M,0.44%
6/26/2025,497.45,492.98,498.04,492.81,21.58M,1.05%
6/27/2025,495.94,497.55,499.3,493.03,34.54M,-0.30%
6/30/2025,497.41,497.04,500.76,495.33,28.37M,0.30%
7/1/2025,492.05,496.47,498.05,490.98,19.95M,-1.08%
7/2/2025,491.09,489.99,493.5,488.7,16.32M,-0.20%
7/3/2025,498.84,493.81,500.13,493.44,13.98M,1.58%
7/7/2025,497.72,497.38,498.75,495.23,13.98M,-0.22%
7/8/2025,496.62,497.24,498.2,494.11,11.85M,-0.22%
7/9/2025,503.51,500.3,506.78,499.74,18.66M,1.39%
7/10/2025,501.48,503.05,504.44,497.75,16.50M,-0.40%
7/11/2025,503.32,498.47,505.03,497.8,16.46M,0.37%
7/14/2025,503.02,501.52,503.97,501.03,12.06M,-0.06%
7/15/2025,505.82,503.02,508.3,502.79,14.93M,0.56%
7/16/2025,505.62,505.18,506.72,501.89,15.15M,-0.04%
7/17/2025,511.7,505.68,513.37,505.62,17.50M,1.20%
7/18/2025,510.05,514.48,514.64,507.43,21.21M,-0.32%
7/21/2025,510.06,506.7,512.09,505.55,14.07M,0.00%
7/22/2025,505.27,510.97,511.2,505.27,13.87M,-0.94%
7/23/2025,505.87,506.75,506.79,500.7,16.40M,0.12%
7/24/2025,510.88,508.77,513.67,507.3,16.11M,0.99%
7/25/2025,513.71,512.47,518.29,510.36,19.13M,0.55%
7/28/2025,512.5,514.08,515,510.12,14.31M,-0.24%
7/29/2025,512.57,515.53,517.62,511.56,16.47M,0.01%
7/30/2025,513.24,515.17,515.95,509.43,26.38M,0.13%
7/31/2025,533.5,555.22,555.45,531.9,51.62M,3.95%
8/1/2025,524.11,535,535.8,520.86,28.98M,-1.76%
